"項目名","FFMQ","STAI","PSS","DASS"
"FFMQ",NA,NA,NA,NA
"STAI",0.00862321183017411,NA,NA,NA
"PSS",0.00264287254338785,2.47426765894588e-11,NA,NA
"DASS",0.0119882842670097,1.69016735950929e-13,1.96358393588485e-13,NA
